1,Ray (2004)
2,Infernal Affairs (Mou gaan dou) (2002)
3,"Killer, The (Die xue shuang xiong) (1989)"
4,Hedwig and the Angry Inch (2000)
5,Dial M for Murder (1954)
6,Top Secret! (1984)
7,Lost in Austen (2008)
8,Project Almanac (2015)
9,"Red Violin, The (Violon rouge, Le) (1998)"
10,My Science Project (1985)
11,Amen. (2002)
12,Bob Roberts (1992)
13,American Reunion (American Pie 4) (2012)
14,Solaris (2002)
15,"Deer Hunter, The (1978)"
16,"Tale of Two Sisters, A (Janghwa, Hongryeon) (2003)"
17,Three Colors: Red (Trois couleurs: Rouge) (1994)
18,Fantastic Mr. Fox (2009)
19,"Officer and a Gentleman, An (1982)"
20,Monty Python and the Holy Grail (1975)
21,Louis C.K.: Chewed Up (2008)
22,To Live (Huozhe) (1994)
23,Kissing Jessica Stein (2001)
24,"Wings of Desire (Himmel über Berlin, Der) (1987)"
25,Howards End (1992)
26,Tokyo Godfathers (2003)
27,Mary Poppins (1964)
28,Once (2006)
29,Bananas (1971)
30,Gangs of New York (2002)
31,"Godfather: Part II, The (1974)"
32,Bagdad Cafe (Out of Rosenheim) (1987)
33,You Don't Mess with the Zohan (2008)
34,The Odyssey (1997)
35,Exit to Eden (1994)
36,Chungking Express (Chung Hing sam lam) (1994)
37,Fargo (1996)
38,Nobody Knows (Dare mo shiranai) (2004)
39,Devil's Playground (2002)
40,"Planes, Trains & Automobiles (1987)"
41,Snow Day (2000)
42,"General, The (1926)"
43,"Substitute, The (1996)"
44,Cinderella Man (2005)
45,"Sting, The (1973)"
46,"Babadook, The (2014)"
47,Koyaanisqatsi (a.k.a. Koyaanisqatsi: Life Out of Balance) (1983)
48,We're the Millers (2013)
49,Wild Tales (2014)
50,Shampoo (1975)
51,Big Eden (2000)
52,Man on Fire (2004)
53,Blue Valentine (2010)
54,Eat Drink Man Woman (Yin shi nan nu) (1994)
55,"Trouble with Harry, The (1955)"
56,Volver (2006)
57,Monster's Ball (2001)
58,Jeremiah Johnson (1972)
59,"Tenant, The (Locataire, Le) (1976)"
60,Paths of Glory (1957)
61,Kissing Jessica Stein (2001)
62,"Assassination of Jesse James by the Coward Robert Ford, The (2007)"
63,The Lego Batman Movie (2017)
64,"Godfather, The (1972)"
65,No Man's Land (2001)
66,Room (2015)
67,Art School Confidential (2006)
68,A Quiet Place (2018)
69,"Great Dictator, The (1940)"
70,Grave of the Fireflies (Hotaru no haka) (1988)
71,Anchors Aweigh (1945)
72,Black Mirror: White Christmas (2014)
73,Modern Times (1936)
74,Chronicle (2012)
75,"Truly, Madly, Deeply (1991)"
76,12 Years a Slave (2013)
77,Matilda (1996)
78,Tea with Mussolini (1999)
79,Logan (2017)
80,"Adventures of Baron Munchausen, The (1988)"
81,"Winged Migration (Peuple migrateur, Le) (2001)"
82,Miracle (2004)
83,"Wind Rises, The (Kaze tachinu) (2013)"
84,Small Time Crooks (2000)
85,Clockwatchers (1997)
86,"Dinner Game, The (Dîner de cons, Le) (1998)"
87,"Battle of Algiers, The (La battaglia di Algeri) (1966)"
88,When a Man Loves a Woman (1994)
89,Scooby-Doo (2002)
90,"Wind Rises, The (Kaze tachinu) (2013)"
91,"Messenger: The Story of Joan of Arc, The (1999)"
92,Croupier (1998)
93,"Longest Day, The (1962)"
94,"Proposition, The (2005)"
95,Raiders of the Lost Ark (Indiana Jones and the Raiders of the Lost Ark) (1981)
96,"Pledge, The (2001)"
97,"Amelie (Fabuleux destin d'Amélie Poulain, Le) (2001)"
98,Kung Fu Panda 3 (2016)
99,"Patriot, The (2000)"
100,"Wings of Desire (Himmel über Berlin, Der) (1987)"
101,Room (2015)
102,Guess Who's Coming to Dinner (1967)
103,North by Northwest (1959)
104,Airplane II: The Sequel (1982)
105,"Andalusian Dog, An (Chien andalou, Un) (1929)"
106,Krippendorf's Tribe (1998)
107,"American Tail, An (1986)"
108,Being John Malkovich (1999)
109,Small Time Crooks (2000)
110,The Lego Movie (2014)
111,Louis C.K.: Chewed Up (2008)
112,Children of Men (2006)
113,Shampoo (1975)
114,Risky Business (1983)
115,Futurama: The Beast with a Billion Backs (2008)
116,Big Business (1988)
117,Eat Drink Man Woman (Yin shi nan nu) (1994)
118,Croupier (1998)
119,Ordinary People (1980)
120,"Alamo, The (1960)"
121,Palookaville (1996)
122,"Blind Swordsman: Zatoichi, The (Zatôichi) (2003)"
123,Ordinary People (1980)
124,"Girl Who Leapt Through Time, The (Toki o kakeru shôjo) (2006)"
125,Barton Fink (1991)
126,Original Sin (2001)
127,Tomorrow Never Dies (1997)
128,"Ladykillers, The (2004)"
129,Anne of Green Gables: The Sequel (a.k.a. Anne of Avonlea) (1987)
130,Wag the Dog (1997)
131,Who's Afraid of Virginia Woolf? (1966)
132,Immortal Beloved (1994)
133,"Battle of Algiers, The (La battaglia di Algeri) (1966)"
134,"Aristocats, The (1970)"
135,Old Boy (2003)
136,Touch of Evil (1958)
137,"Man for All Seasons, A (1966)"
138,Bright (2017)
139,Play Time (a.k.a. Playtime) (1967)
140,Glory Road (2006)
141,"Professional, The (Le professionnel) (1981)"
142,Wonder Boys (2000)
143,Beerfest (2006)
144,Eat Drink Man Woman (Yin shi nan nu) (1994)
145,Shaun of the Dead (2004)
146,All the President's Men (1976)
147,How to Lose a Guy in 10 Days (2003)
148,Déjà Vu (Deja Vu) (2006)
149,Don't Move (Non ti muovere) (2004)
150,"Princess Bride, The (1987)"
151,Finding Dory (2016)
152,Deconstructing Harry (1997)
153,Nick and Norah's Infinite Playlist (2008)
154,Planet Earth II (2016)
155,The Jungle Book (2016)
156,Autumn Sonata (Höstsonaten) (1978)
157,Labyrinth (1986)
158,Saving Mr. Banks (2013)
159,Captain Phillips (2013)
160,Hitman (2007)
161,"Deer Hunter, The (1978)"
162,"Rocketeer, The (1991)"
163,"Maltese Falcon, The (1941)"
164,"Big Short, The (2015)"
165,"Good Morning, Vietnam (1987)"
166,"Big Blue, The (Grand bleu, Le) (1988)"
167,Birdy (1984)
168,Spirited Away (Sen to Chihiro no kamikakushi) (2001)
169,"Trip to the Moon, A (Voyage dans la lune, Le) (1902)"
170,Roman Holiday (1953)
171,"Next Three Days, The (2010)"
172,Space Jam (1996)
173,Manhattan Murder Mystery (1993)
174,Oklahoma! (1955)
175,"Unbearable Lightness of Being, The (1988)"
176,Play Time (a.k.a. Playtime) (1967)
177,Lilo & Stitch (2002)
178,Wit (2001)
179,Airplane II: The Sequel (1982)
180,American Psycho (2000)
181,Fever Pitch (2005)
182,When We Were Kings (1996)
183,"River, The (1984)"
184,Last Tango in Paris (Ultimo tango a Parigi) (1972)
185,Ivan's Childhood (a.k.a. My Name is Ivan) (Ivanovo detstvo) (1962)
186,"French Connection, The (1971)"
187,Blade Runner 2049 (2017)
188,Suspiria (1977)
189,Barton Fink (1991)
190,Buffalo '66 (a.k.a. Buffalo 66) (1998)
191,Freaks (1932)
192,"Flamingo Kid, The (1984)"
193,Annie Hall (1977)
194,Limbo (1999)
195,Meatballs Part II (1984)
196,Exit Through the Gift Shop (2010)
197,Dead Presidents (1995)
198,Deep Rising (1998)
199,"Philadelphia Story, The (1940)"
200,"Way of the Gun, The (2000)"
201,2 Guns (2013)
202,Last Tango in Paris (Ultimo tango a Parigi) (1972)
203,50 First Dates (2004)
204,Breaking the Waves (1996)
205,Colors (1988)
206,To Grandmother's House We Go (1992)
207,Room (2015)
208,Hysteria (2011)
209,"Blues Brothers, The (1980)"
210,"Blob, The (1958)"
211,"Femme Nikita, La (Nikita) (1990)"
212,The Artist (2011)
213,Inside Out (2015)
214,"Purge, The (2013)"
215,United 93 (2006)
216,Touch of Evil (1958)
217,Home Alone 2: Lost in New York (1992)
218,"Scanner Darkly, A (2006)"
219,"Killer, The (Die xue shuang xiong) (1989)"
220,Jezebel (1938)
221,Swept Away (Travolti da un insolito destino nell'azzurro mare d'Agosto) (1975)
222,Barbarella (1968)
223,Man on Fire (2004)
224,"Face in the Crowd, A (1957)"
225,Mulholland Dr. (1999)
226,"Outlaw Josey Wales, The (1976)"
227,In Bruges (2008)
228,"Perfect Storm, The (2000)"
229,Sanjuro (Tsubaki Sanjûrô) (1962)
230,Get Smart (2008)
231,Gangster Squad (2013)
232,"Bourne Identity, The (1988)"
233,Barbarella (1968)
234,Swiss Family Robinson (1960)
235,Corpse Bride (2005)
236,Deliverance (1972)
237,Cat on a Hot Tin Roof (1958)
238,Short Circuit 2 (1988)
239,"Big Short, The (2015)"
240,Risky Business (1983)
241,Dick (1999)
242,City Slickers (1991)
243,Battleship (2012)
244,Monsieur Verdoux (1947)
245,Ivan's Childhood (a.k.a. My Name is Ivan) (Ivanovo detstvo) (1962)
246,Impromptu (1991)
247,Pale Rider (1985)
248,Hangar 18 (1980)
249,Barbarella (1968)
250,Green Card (1990)
251,"Flintstones, The (1994)"
252,M (1931)
253,Carnage (2011)
254,"Wrestler, The (2008)"
255,Mission: Impossible - Rogue Nation (2015)
256,Sex Drive (2008)
257,Zombieland (2009)
258,Couples Retreat (2009)
259,Trading Places (1983)
260,Mr. Smith Goes to Washington (1939)
261,Birdy (1984)
262,Paul (2011)
263,Shall We Dance (1937)
264,Bridget Jones: The Edge of Reason (2004)
265,Shine (1996)
266,"Longest Yard, The (1974)"
267,"Horse Whisperer, The (1998)"
268,"Girl with the Dragon Tattoo, The (2011)"
269,King Kong (1976)
270,Hamlet (1990)
271,Hellbound: Hellraiser II (1988)
272,Nick of Time (1995)
273,Raiders of the Lost Ark (Indiana Jones and the Raiders of the Lost Ark) (1981)
274,Immortal Beloved (1994)
275,New Jersey Drive (1995)
276,Young Adult (2011)
277,"Incredibles, The (2004)"
278,Wallace & Gromit in The Curse of the Were-Rabbit (2005)
279,Dog Soldiers (2002)
280,Buena Vista Social Club (1999)
281,Murder at 1600 (1997)
282,"Cell, The (2000)"
283,"Cat in the Hat, The (2003)"
284,"American Tail, An (1986)"
285,Nausicaä of the Valley of the Wind (Kaze no tani no Naushika) (1984)
286,To Kill a Mockingbird (1962)
287,My Architect: A Son's Journey (2003)
288,Three Colors: Red (Trois couleurs: Rouge) (1994)
289,Waiting for Guffman (1996)
290,"Great Escape, The (1963)"
291,That Thing You Do! (1996)
292,Blues Brothers 2000 (1998)
293,"Fantastic Fear of Everything, A (2012)"
294,Colombiana (2011)
295,Hannibal (2001)
296,Becoming Jane (2007)
297,Beyond the Mat (1999)
298,Emma (2009)
299,Rebecca (1940)
300,Ben-Hur (1959)
301,Invictus (2009)
302,Footloose (1984)
303,Android (1982)
304,"Conversation, The (1974)"
305,"Girl Who Kicked the Hornet's Nest, The (Luftslottet som sprängdes) (2009)"
306,"Heat, The (2013)"
307,Crash (1996)
308,Dirty Dancing (1987)
309,Flushed Away (2006)
310,Autumn Sonata (Höstsonaten) (1978)
311,21 Jump Street (2012)
312,"Aristocrats, The (2005)"
313,Snowpiercer (2013)
314,Bob Roberts (1992)
315,Art School Confidential (2006)
316,Kung Fu Hustle (Gong fu) (2004)
317,Stuart Little 2 (2002)
318,Harold and Maude (1971)
319,Kiss Kiss Bang Bang (2005)
320,How to Train Your Dragon 2 (2014)
321,"Golden Compass, The (2007)"
322,His Girl Friday (1940)
323,"Philadelphia Story, The (1940)"
324,Go Fish (1994)
325,"Scanner Darkly, A (2006)"
326,Gentlemen of Fortune (Dzhentlmeny udachi) (1972)
327,Scary Movie (2000)
328,"Cook the Thief His Wife & Her Lover, The (1989)"
329,"Day of the Beast, The (Día de la Bestia, El) (1995)"
330,Bicycle Thieves (a.k.a. The Bicycle Thief) (a.k.a. The Bicycle Thieves) (Ladri di biciclette) (1948)
331,Night on Earth (1991)
332,Night on Earth (1991)
333,Chronicle (2012)
334,UHF (1989)
335,American Gangster (2007)
336,Rebel Without a Cause (1955)
337,Return to Me (2000)
338,Cries and Whispers (Viskningar och rop) (1972)
339,Microcosmos (Microcosmos: Le peuple de l'herbe) (1996)
340,"Proposition, The (2005)"
341,Jackass 2.5 (2007)
342,Eat Drink Man Woman (Yin shi nan nu) (1994)
343,"Lone Ranger, The (2013)"
344,Sicko (2007)
345,Mona Lisa (1986)
346,Yojimbo (1961)
347,Enough (2002)
348,Slap Shot (1977)
349,Tekkonkinkreet (Tekkon kinkurîto) (2006)
350,"Three Billboards Outside Ebbing, Missouri (2017)"
351,"Life of David Gale, The (2003)"
352,"Village, The (2004)"
353,Cries and Whispers (Viskningar och rop) (1972)
354,"Three Billboards Outside Ebbing, Missouri (2017)"
355,13 Ghosts (1960)
356,Citizen Kane (1941)
357,Infernal Affairs (Mou gaan dou) (2002)
358,Temple Grandin (2010)
359,Little Children (2006)
360,Malèna (2000)
361,St. Elmo's Fire (1985)
362,"Spanish Prisoner, The (1997)"
363,Frida (2002)
364,Hard-Boiled (Lat sau san taam) (1992)
365,"Three Billboards Outside Ebbing, Missouri (2017)"
366,Seven Days in May (1964)
367,Meet Dave (2008)
368,Bicycle Thieves (a.k.a. The Bicycle Thief) (a.k.a. The Bicycle Thieves) (Ladri di biciclette) (1948)
369,The Interview (2014)
370,"Expendables, The (2010)"
371,"Clockwork Orange, A (1971)"
372,"Wings of Desire (Himmel über Berlin, Der) (1987)"
373,Giant (1956)
374,Intolerable Cruelty (2003)
375,Muppets Most Wanted (2014)
376,Hunt for the Wilderpeople (2016)
377,Carnage (2011)
378,"Lust, Caution (Se, jie) (2007)"
379,Kramer vs. Kramer (1979)
380,Rocky (1976)
381,Avengers: Infinity War - Part I (2018)
382,"400 Blows, The (Les quatre cents coups) (1959)"
383,"Lone Ranger, The (2013)"
384,Evita (1996)
385,"Great Escape, The (1963)"
386,Empire Records (1995)
387,"Philadelphia Story, The (1940)"
388,"Mist, The (2007)"
389,Random Hearts (1999)
390,Easy A (2010)
391,"Verdict, The (1982)"
392,"Best of Youth, The (La meglio gioventù) (2003)"
393,Hall Pass (2011)
394,Carnage (2011)
395,"Funny Thing Happened on the Way to the Forum, A (1966)"
396,Welcome to the Dollhouse (1995)
397,"Maltese Falcon, The (1941)"
398,Gigantic (A Tale of Two Johns) (2002)
399,Valerian and the City of a Thousand Planets (2017)
400,Runaway Train (1985)
401,"Officer and a Gentleman, An (1982)"
402,"Namesake, The (2006)"
403,Hansel & Gretel: Witch Hunters (2013)
404,Volunteers (1985)
405,Jezebel (1938)
406,Withnail & I (1987)
407,The Mummy (2017)
408,Rush (2013)
409,Rebel Without a Cause (1955)
410,"Great Escape, The (1963)"
411,Win Win (2011)
412,Cookie's Fortune (1999)
413,Lara Croft Tomb Raider: The Cradle of Life (2003)
414,Heathers (1989)
415,Monty Python's And Now for Something Completely Different (1971)
416,Suspiria (1977)
417,Inside Job (2010)
418,"Good Shepherd, The (2006)"
419,Rambo: First Blood Part II (1985)
420,Wallace & Gromit: The Wrong Trousers (1993)
421,Sicko (2007)
422,Bullitt (1968)
423,Just Married (2003)
424,Three Colors: Blue (Trois couleurs: Bleu) (1993)
425,Grave of the Fireflies (Hotaru no haka) (1988)
426,Alfie (1966)
427,Henry V (1989)
428,Barton Fink (1991)
429,Meet Me in St. Louis (1944)
430,Citizen Ruth (1996)
431,Creed (2015)
432,"Wedding Date, The (2005)"
433,"Darjeeling Limited, The (2007)"
434,And Your Mother Too (Y tu mamá también) (2001)
435,All Dogs Go to Heaven (1989)
436,Adam's Rib (1949)
437,Fracture (2007)
438,Around the World in 80 Days (1956)
439,It's a Wonderful Life (1946)
440,Hangar 18 (1980)
441,Trance (2013)
442,Fever Pitch (2005)
443,Grumpy Old Men (1993)
444,Murder on the Orient Express (1974)
445,8 Mile (2002)
446,Ben-Hur (1959)
447,"Help, The (2011)"
448,"Neon Genesis Evangelion: The End of Evangelion (Shin seiki Evangelion Gekijô-ban: Air/Magokoro wo, kimi ni) (1997)"
449,Funny Games (1997)
450,Waiting for Guffman (1996)
451,"Party, The (1968)"
452,Lone Star (1996)
453,Battlestar Galactica: Razor (2007)
454,"World's End, The (2013)"
455,"Cutting Edge, The (1992)"
456,My Sassy Girl (Yeopgijeogin geunyeo) (2001)
457,Before Sunset (2004)
458,"Party, The (1968)"
459,Flags of Our Fathers (2006)
460,"Other Guys, The (2010)"
461,Network (1976)
462,Mary and Max (2009)
463,Day of Wrath (Vredens dag) (1943)
464,Bridge of Spies (2015)
465,Career Girls (1997)
466,300 (2007)
467,Robot & Frank (2012)
468,Carrie (1976)
469,"Tenant, The (Locataire, Le) (1976)"
470,Titanic (1953)
471,Hachiko: A Dog's Story (a.k.a. Hachi: A Dog's Tale) (2009)
472,"Guardian, The (2006)"
473,"Simple Plan, A (1998)"
474,"Impostors, The (1998)"
475,Merci Patron ! (2016)
476,"Departed, The (2006)"
477,Cloudy with a Chance of Meatballs (2009)
478,Shine (1996)
479,On the Waterfront (1954)
480,Patton (1970)
481,"Godfather: Part II, The (1974)"
482,Jersey Girl (2004)
483,Lars and the Real Girl (2007)
484,Roger & Me (1989)
485,"Long, Hot Summer, The (1958)"
486,"Help, The (2011)"
487,There Will Be Blood (2007)
488,Scott Pilgrim vs. the World (2010)
489,Empire of the Sun (1987)
490,Swept Away (Travolti da un insolito destino nell'azzurro mare d'Agosto) (1975)
491,X2: X-Men United (2003)
492,Something to Talk About (1995)
493,"Fist of Fury (Chinese Connection, The) (Jing wu men) (1972)"
494,"Lord of the Rings: The Fellowship of the Ring, The (2001)"
495,"Big Sleep, The (1946)"
496,Twin Peaks: Fire Walk with Me (1992)
497,Wonder Woman (2017)
498,Assassins (1995)
499,Little Miss Sunshine (2006)
500,"Lion in Winter, The (1968)"
501,Sophie Scholl: The Final Days (Sophie Scholl - Die letzten Tage) (2005)
502,"Thin Red Line, The (1998)"
503,Finding Dory (2016)
504,Dead Again (1991)
505,Star Wars: Episode V - The Empire Strikes Back (1980)
506,"Girl Who Leapt Through Time, The (Toki o kakeru shôjo) (2006)"
507,Nixon (1995)
508,Cheech and Chong's Up in Smoke (1978)
509,Swimming with Sharks (1995)
510,Finding Dory (2016)
511,"400 Blows, The (Les quatre cents coups) (1959)"
512,"Station Agent, The (2003)"
513,Coal Miner's Daughter (1980)
514,"Charlie Brown Christmas, A (1965)"
515,City Lights (1931)
516,Baby Mama (2008)
517,Vegas Vacation (National Lampoon's Las Vegas Vacation) (1997)
518,"Guns of Navarone, The (1961)"
519,10 Cloverfield Lane (2016)
520,Louis C.K.: Hilarious (2010)
521,Apt Pupil (1998)
522,"Hidden Fortress, The (Kakushi-toride no san-akunin) (1958)"
523,Man on the Moon (1999)
524,"Dead Zone, The (1983)"
525,"Seventh Seal, The (Sjunde inseglet, Det) (1957)"
526,"Mariachi, El (1992)"
527,Midnight Run (1988)
528,"Man with the Golden Gun, The (1974)"
529,Amen. (2002)
530,"Horseman on the Roof, The (Hussard sur le toit, Le) (1995)"
531,Elling (2001)
532,Carnival of Souls (1962)
533,3:10 to Yuma (2007)
534,Atonement (2007)
535,Transamerica (2005)
536,"Last Samurai, The (2003)"
537,Batman Begins (2005)
538,Small Soldiers (1998)
539,Steve Jobs (2015)
540,"Timecrimes (Cronocrímenes, Los) (2007)"
541,Becoming Jane (2007)
542,Airplane II: The Sequel (1982)
543,"Sting, The (1973)"
544,Trance (2013)
545,Meet Me in St. Louis (1944)
546,"Lot Like Love, A (2005)"
547,Dog Soldiers (2002)
548,Good Will Hunting (1997)
549,Neds (2010)
550,Cat on a Hot Tin Roof (1958)
551,Blue Valentine (2010)
552,Memories of Murder (Salinui chueok) (2003)
553,"Gods Must Be Crazy, The (1980)"
554,Back to the Future (1985)
555,Stuart Little 2 (2002)
556,Ernest Scared Stupid (1991)
557,30 Days of Night (2007)
558,Play Time (a.k.a. Playtime) (1967)
559,Louis C.K.: Shameless (2007)
560,Persuasion (1995)
561,Paths of Glory (1957)
562,Mary Poppins (1964)
563,Crank (2006)
564,Doctor Dolittle (1967)
565,Logan (2017)
566,"Rudolph, the Red-Nosed Reindeer (1964)"
567,Phantasm (1979)
568,Cool Hand Luke (1967)
569,"Quest for Fire (Guerre du feu, La) (1981)"
570,Dick (1999)
571,Top Hat (1935)
572,Ninja Scroll (Jûbei ninpûchô) (1995)
573,[REC] (2007)
574,Star Trek (2009)
575,Seven Samurai (Shichinin no samurai) (1954)
576,"Hurricane, The (1999)"
577,Sherlock: The Abominable Bride (2016)
578,Tootsie (1982)
579,Chasing Amy (1997)
580,Hot Tub Time Machine (2010)
581,Little Man Tate (1991)
582,"Celebration, The (Festen) (1998)"
583,"Wings of Desire (Himmel über Berlin, Der) (1987)"
584,Waydowntown (2000)
585,"Producers, The (1968)"
586,Flags of Our Fathers (2006)
587,"Cottage, The (2008)"
588,Mother Night (1996)
589,Trial and Error (1997)
590,Miracle on 34th Street (1947)
591,Crash (1996)
592,Saving Mr. Banks (2013)
593,Sleeper (1973)
594,Eight Men Out (1988)
595,West Side Story (1961)
596,Mystery Train (1989)
597,Reservoir Dogs (1992)
598,"Bill Cosby, Himself (1983)"
599,Three Colors: Red (Trois couleurs: Rouge) (1994)
600,Shampoo (1975)
601,Show Me Love (Fucking Åmål) (1998)
602,Bull Durham (1988)
603,Shadow of a Doubt (1943)
604,Rope (1948)
605,Final Fantasy VII: Advent Children (2004)
606,"Joy Luck Club, The (1993)"
607,"Ice Storm, The (1997)"
608,Be Kind Rewind (2008)
609,Laura (1944)
610,Opera (1987)
